{"cameraMode":{"drawMode":0,"name":"Shaded","section":"Shading Mode"},"sceneLighting":true,"audioPlay":false,"sceneViewState":{"m_AlwaysRefresh":false,"showFog":true,"showSkybox":true,"showFlares":true,"showImageEffects":true,"showParticleSystems":true,"showVisualEffectGraphs":true,"m_FxEnabled":true},"in2DMode":false,"pivot":{"x":361.66046142578127,"y":156.87257385253907,"z":-0.640716552734375},"rotation":{"x":0.0029999834951013328,"y":0.0029999520629644396,"z":-0.000008999817509902641,"w":0.9999915361404419},"size":208.72535705566407,"orthographic":true}