{"cameraMode":{"drawMode":0,"name":"Shaded","section":"Shading Mode"},"sceneLighting":false,"audioPlay":false,"sceneViewState":{"m_AlwaysRefresh":false,"showFog":true,"showSkybox":false,"showFlares":true,"showImageEffects":true,"showParticleSystems":true,"showVisualEffectGraphs":true,"m_FxEnabled":true},"in2DMode":false,"pivot":{"x":465.55523681640627,"y":405.1219787597656,"z":0.076568603515625},"rotation":{"x":0.0029999834951013328,"y":0.0029999520629644396,"z":-0.000008999817509902641,"w":0.9999915361404419},"size":171.75685119628907,"orthographic":true}